Title,Video ID,URL
"Introducing OpeninApp - A Growth Tool For Creators: Ensure High Ad Revenue, Engagement, Subscription",-HPc0aMckUc,https://www.youtube.com/watch?v=-HPc0aMckUc
OpeninApp Walkthrough,8_kYd5rbxn8,https://www.youtube.com/watch?v=8_kYd5rbxn8
How to Open Insta stories directly in App with #openinapp &amp; #appopener üî•,Njo_GPYbTvY,https://www.youtube.com/watch?v=Njo_GPYbTvY
OpeninApp Business - Walkthrough,Fk4E7l18RRo,https://www.youtube.com/watch?v=Fk4E7l18RRo
Use Open in App ? And Get More Views And Subscribers On YouTube,hdnoYeO9pBI,https://www.youtube.com/watch?v=hdnoYeO9pBI
Here&#39;s why OpeninApp gets better ROIs with your links,O6lup3SN4Bw,https://www.youtube.com/watch?v=O6lup3SN4Bw
How To Open Link Directly in App |  Customize Social Media Links 2022,1_cRNPMMr_M,https://www.youtube.com/watch?v=1_cRNPMMr_M
"OpeninApp for Creators- Ensure High Ad Revenue, Engagement, Subscriptions And Much More.",zEd9C0eRwzY,https://www.youtube.com/watch?v=zEd9C0eRwzY
How to open any link in its app instead of browser | Open in app #shorts #openinapp,LxU4KongeGg,https://www.youtube.com/watch?v=LxU4KongeGg
Why Instagram Creators Should Use OpeninApp - Ensure Better User Experience and More Engagement.,8UuiF4Xf4nM,https://www.youtube.com/watch?v=8UuiF4Xf4nM
How to use openinapp | How To Open Link Directly in App,vOo-VyPIiW0,https://www.youtube.com/watch?v=vOo-VyPIiW0
Appopener.net -Best YouTube App Opener üìé| ‚ÄãHow to add clickable link in instagram bio |Link conveter,qaA4ntXwRME,https://www.youtube.com/watch?v=qaA4ntXwRME
"OpeninApp, Creator ke liye-  Ensure High Ad Revenue, Engagement, Subscriptions And Much More.",dd02GPhhNhQ,https://www.youtube.com/watch?v=dd02GPhhNhQ
https://tprink.openinapp.co/prink-videoprank,znso8n9BLIw,https://www.youtube.com/watch?v=znso8n9BLIw
How to use Openinapp Details short your YouTube video and affiliate products links Get more click,WX5lk3HkD_8,https://www.youtube.com/watch?v=WX5lk3HkD_8
#ajju #2023bhojpuri https://openinapp.co/h5l3r,8vlpXicLuP8,https://www.youtube.com/watch?v=8vlpXicLuP8
Link- openinapp.co/6cm4n  | Pooja Muley #birthday #youtubeshorts #youtuber,rw-fFDMsmH8,https://www.youtube.com/watch?v=rw-fFDMsmH8
ŸÅÿ±ŸäŸÇ ŸÖŸäŸÜ ÿßŸÜÿ™ŸàÿüüòÇ,MsbHN7VSdl0,https://www.youtube.com/watch?v=MsbHN7VSdl0
https://openinapp.co/youtube/01cc0,WVdAQYhNW0c,https://www.youtube.com/watch?v=WVdAQYhNW0c
"Open Youtube Videos in App using Openinapp- Better User Experience, Higher Engagement, More Reach.",-GvsoRszRt4,https://www.youtube.com/watch?v=-GvsoRszRt4
OpenInApp Frontend Developer Internship | Stipend Rs 30000 /Month | Paid Internship #internships2023,w6RxU6onyZk,https://www.youtube.com/watch?v=w6RxU6onyZk
SANGRAL VLOGS ü¶Öhttps://SANGRALVLOGS.openinapp.co/1ywnm #trending #youtuber #baramulla #viral,SbcwlVEL8Es,https://www.youtube.com/watch?v=SbcwlVEL8Es
How To Increase Your Watch Time On YouTube Using Openinapp And Get Monetized‚ö°Ô∏è,W1vkbohhKaE,https://www.youtube.com/watch?v=W1vkbohhKaE
"Ensure High Affiliate Revenue, Decrease Abandoned Carts And Much More Using Openinapp.",wOv8V0HPJtE,https://www.youtube.com/watch?v=wOv8V0HPJtE
Difference b/w NRE $ NRO account https://openinapp.co/youtube/7f20c,XKkazcNNdOk,https://www.youtube.com/watch?v=XKkazcNNdOk
Why Amazon Affiliates Should Use OpeninApp- Avoid Abandoned Carts and Earn High Affiliate Commission,gNb4CtfMTGA,https://www.youtube.com/watch?v=gNb4CtfMTGA
OpenInApp Demo Video,fni_OO5BwOI,https://www.youtube.com/watch?v=fni_OO5BwOI
https://openinapp.co/youtube/top-7-coins-under,be3ocqtYEdc,https://www.youtube.com/watch?v=be3ocqtYEdc
Full vedio üëáüëáüëá https://openinapp.co/9bdfu #viral #shortvideo #explore #trending #aaravup82rider,4YDNPe8Sh3k,https://www.youtube.com/watch?v=4YDNPe8Sh3k
me or tujha #https://openinapp.co/v6cd3#videos #instagram,YuufnRpIOgg,https://www.youtube.com/watch?v=YuufnRpIOgg
OpeninApp 2022 Recap in Growth-Your favorite Influencer&#39;s Go-To For Smartlinks And Brand Deals.,W30NqmlizT8,https://www.youtube.com/watch?v=W30NqmlizT8
app opener channel link problem || app opener link problem || youtube link opener @ManojDey,0bMt7fdrj-s,https://www.youtube.com/watch?v=0bMt7fdrj-s
https://nehanagar.openinapp.co/web-30-explained-top,HXPvhPx6Q1c,https://www.youtube.com/watch?v=HXPvhPx6Q1c
Why sony is purchasing zee ?https://openinapp.co/youtube/01cc0,AelzmijoqQs,https://www.youtube.com/watch?v=AelzmijoqQs
https://openinapp.co/pyhn7https://openinapp.co/pyhn7‡§á‡§Ç‡§∏‡•ç‡§ü‡§æ‡§ó‡•ç‡§∞‡§æ‡§Æ ‡§ü‡§ø‡§≤‡•ç‡§≤‡•Ç ‡§Æ‡•á‡§µ‡§æ‡§§‡•Ä üëàü§ü,FrAZs39GgKc,https://www.youtube.com/watch?v=FrAZs39GgKc
https://openinapp.co/cuzmp,9Y6ZjqMnS4g,https://www.youtube.com/watch?v=9Y6ZjqMnS4g
OpeninApp Smart Link for üëâ Smart Creator https://openinapp.co/1ye5o,sB364S3Dcms,https://www.youtube.com/watch?v=sB364S3Dcms
https://nehanagar.openinapp.co/web-30-explained-top,PL5Cxqj8Mhs,https://www.youtube.com/watch?v=PL5Cxqj8Mhs
https://nehanagar.openinapp.co/what-if-crypto-gets,yrMrQGsQUqs,https://www.youtube.com/watch?v=yrMrQGsQUqs
https://nehanagar.openinapp.co/web-30-explained-top,1QuRO6uTKvM,https://www.youtube.com/watch?v=1QuRO6uTKvM
Ensure High Revenue Using Openinapp.,hC6MZ-PcFiw,https://www.youtube.com/watch?v=hC6MZ-PcFiw
https://openinapp.co/youtube/sme-ipo-review-2021,pU5ZU2DqavY,https://www.youtube.com/watch?v=pU5ZU2DqavY
https://youtu.openinapp.co/0n5cc06b6uo ‡§∏‡§Ç‡§™‡•Ç‡§∞‡•ç‡§£ ‡§µ‡•ç‡§π‡§ø‡§°‡§ø‡§ì ‡§®‡§ï‡•ç‡§ï‡•Ä‡§ö ‡§ö‡•à‡§®‡§≤ ‡§µ‡§∞ ‡§ú‡§æ‡§ä‡§® ‡§¨‡§ò‡§æ,xGyMyIXZ_tE,https://www.youtube.com/watch?v=xGyMyIXZ_tE
https://nehanagar.openinapp.co/smooth-love-potion-price,-K-W51XDtcA,https://www.youtube.com/watch?v=-K-W51XDtcA
https://technicalroy.openinapp.co/wifi-setting-kaise-karen,okDBFpFG7zQ,https://www.youtube.com/watch?v=okDBFpFG7zQ
https://openinapp.co/youtube/sme-ipo-review-2021,ySq5uPVrXyo,https://www.youtube.com/watch?v=ySq5uPVrXyo
Upcoming Full Video LALBAGH GARDEN #openinapp.co/7scte by,hyH3VC93ZfM,https://www.youtube.com/watch?v=hyH3VC93ZfM
how to shorten youtube channel link?? | openinapp.com,_vIwnQ0hmcU,https://www.youtube.com/watch?v=_vIwnQ0hmcU
https://openinapp.co/youtube/sme-ipo-review-2021,C2xu1N5iCPo,https://www.youtube.com/watch?v=C2xu1N5iCPo
